Stock Index,Predicted Values
AC3235,811.415188524
AC3236,256.44887542800006
AC3237,1557.88627861
AC3238,802.362689155
AC3239,268.9599611570001
AC3240,361.18726358100025
AC3241,720.1140600979999
AC3242,894.3356322010003
AC3243,920.1995718010006
AC3244,1336.565052829999
AC3245,307.1748584630002
AC3246,408.79236995599996
AC3247,862.3391055320005
AC3248,132.08902025149996
AC3249,127.60031694980003
AC3250,259.6190033391002
AC3251,1798.4847386700008
AC3252,132.44244774099997
AC3253,296.977726168
AC3254,198.16299729399984
AC3255,1016.0385071919994
AC3256,866.3169019940002
AC3257,1489.9804485299994
AC3258,468.872216157
AC3259,267.0802052287999
AC3260,289.8240873874001
AC3261,117.1263294864
AC3262,253.0223846940002
AC3263,379.37175480700006
AC3264,117.34358485560001
AC3265,1064.4956775599996
AC3266,872.2425400729991
AC3267,525.4613117855998
AC3268,768.0686733640002
AC3269,406.76478766000014
AC3270,838.785155303
AC3271,84.52749678700002
AC3272,368.65238104399987
AC3273,852.9041770129999
AC3274,556.6327851592999
AC3275,518.3843946509996
AC3276,613.2021561410002
AC3277,925.8103858580002
AC3278,953.9086562649999
AC3279,180.8420090494
AC3280,424.4321382969998
AC3281,907.9371726149998
AC3282,126.27613974689999
AC3283,804.2923587120001
AC3284,562.546428334
AC3285,103.63377598109999
AC3286,888.1531455380002
AC3287,194.162892183
AC3288,186.61888541809995
AC3289,155.978286632
AC3290,194.14856463600006
AC3291,189.852322249
AC3292,90.07786686289994
AC3293,513.8301640552
AC3294,190.13358487500005
AC3295,559.1738325920002
AC3296,97.62331971699996
AC3297,592.3757788076001
AC3298,801.1587517140001
AC3299,101.93994349379996
AC3300,84.15322605359998
AC3301,833.412027275
AC3302,132.07259626690006
AC3303,1252.0792344699992
AC3304,35.43117852489999
AC3305,268.19350063400003
AC3306,162.5585771779999
AC3307,30.56096320010002
AC3308,125.65020464939997
AC3309,260.8904793279999
AC3310,804.4440520659998
AC3311,1095.2372115829999
AC3312,876.6369180779996
AC3313,32.4835351663
AC3314,77.63097094879994
AC3315,120.3959599068
AC3316,399.3166329345997
AC3317,988.2532838990004
AC3318,549.8460370780006
AC3319,1201.6553930500004
AC3320,26.459616650300013
AC3321,103.94990499119999
AC3322,91.6318918533
AC3323,885.5638725099998
AC3324,82.03742937559997
AC3325,257.12304927240007
AC3326,465.5603012559996
AC3327,82.94505411910006
AC3328,109.21962254380001
AC3329,687.7801499245004
AC3330,888.0849100130004
AC3331,237.37625025799997
AC3332,772.656393234
AC3333,1454.6593918600001
AC3334,306.0653088670001
AC3335,622.670392493
AC3336,141.7999667504001
AC3337,611.7002405470005
AC3338,1735.55422873
AC3339,845.9886749640002
AC3340,77.69215532289999
AC3341,1230.2825431199994
AC3342,1215.48193851
AC3343,282.17792293699995
AC3344,92.30471773669997
AC3345,217.35859720000005
AC3346,80.01526681960004
AC3347,292.22455930089995
AC3348,663.8117641749994
AC3349,558.6227552109998
AC3350,114.5107690546
AC3351,742.3715708409999
AC3352,55.20988955220001
AC3353,387.698566875
AC3354,258.8956821849999
AC3355,615.97936069
AC3356,225.89447234500005
AC3357,685.008201157
AC3358,1614.2330921000002
AC3359,1304.7653469899992
AC3360,1192.9600275499993
AC3361,237.36934023499995
AC3362,350.78513786599996
AC3363,484.8574315469998
AC3364,341.4812393589998
AC3365,103.32222294900001
AC3366,343.1891600250001
AC3367,251.55443776500005
AC3368,786.8904921409999
AC3369,305.97222587500005
AC3370,576.6791669720001
AC3371,387.27386988799975
AC3372,472.18799483199996
AC3373,233.51382708329984
AC3374,342.8575972039999
AC3375,1069.235366188
AC3376,437.4338667139998
AC3377,189.766019782
AC3378,381.149058706
AC3379,619.3695735200004
AC3380,150.6643683009999
AC3381,406.783447053
AC3382,590.1580522269995
AC3383,142.3867425410001
AC3384,232.89135610500009
AC3385,245.15870451499993
AC3386,117.04741989380008
AC3387,282.75775614800006
AC3388,1648.5625114099996
AC3389,264.23015298100006
AC3390,244.02822127300013
AC3391,821.1976274700003
AC3392,626.698488452
AC3393,454.7155255
AC3394,516.237909936
AC3395,1473.14002963
AC3396,53.94238632599999
AC3397,678.140152879
AC3398,414.4913499769999
AC3399,71.1552641334
AC3400,179.9570821879999
AC3401,132.825990697
AC3402,468.3093824620001
AC3403,290.66592414499996
AC3404,86.66367326900003
AC3405,109.79861970960002
AC3406,294.47426994099993
AC3407,167.3517028130001
AC3408,700.8705703229997
AC3409,1225.7809859000001
AC3410,950.2547697840001
AC3411,988.7545714610003
AC3412,1521.2777938900008
AC3413,173.65412022699988
AC3414,317.14913104600015
AC3415,209.7127286690002
AC3416,550.3129107189997
AC3417,870.3135983589997
AC3418,153.17349619100003
AC3419,1343.4343738199998
AC3420,205.31700518999983
AC3421,213.58194015900008
AC3422,848.8652267060003
AC3423,99.03841986139993
AC3424,1160.0467694700003
AC3425,232.45510435800006
AC3426,77.25729475229997
AC3427,361.1683910079999
AC3428,755.2616808679999
AC3429,763.1671414839998
AC3430,330.8982480140001
AC3431,490.29981667
AC3432,512.5332386269997
AC3433,196.70486343400003
AC3434,855.2427149989999
AC3435,1112.6421892600001
AC3436,448.43367607399983
AC3437,129.07158254899997
AC3438,1523.6288418600002
AC3439,167.850302271
AC3440,1263.8301887100006
AC3441,422.53027101500004
AC3442,40.34691890219999
AC3443,618.4558553329999
AC3444,162.779653898
AC3445,123.22763348910001
AC3446,756.1742645830002
AC3447,913.0538793990008
AC3448,142.17042666500015
AC3449,1116.8854214400008
AC3450,206.4402204759999
AC3451,1054.1639463929998
AC3452,724.6651522410008
AC3453,654.2185772689999
AC3454,72.13225511859999
AC3455,776.5757439809998
AC3456,164.11302360499997
AC3457,617.0550101459999
AC3458,723.0546031299995
AC3459,1798.1067282500005
AC3460,516.466265537
AC3461,588.6167954850001
AC3462,477.51222272399974
AC3463,1279.0479343099998
AC3464,265.094738162
AC3465,611.1680433039999
AC3466,152.12455207480002
AC3467,156.463908815
AC3468,1394.0316977299992
AC3469,284.6912707390001
AC3470,354.65548451600006
AC3471,674.8099399950003
AC3472,226.10167321299988
AC3473,417.64824460999984
AC3474,415.8753098840001
AC3475,90.2121910557
AC3476,581.3161948130005
AC3477,921.2262367159997
AC3478,122.13496495199998
AC3479,209.31133142399997
AC3480,145.27743879700006
AC3481,1116.9913823800002
AC3482,387.257754339
AC3483,1013.6608826489994
AC3484,917.3592976089999
AC3485,794.1350386539999
AC3486,104.64950917430004
AC3487,226.28302220500015
AC3488,1739.2927687200001
AC3489,812.4353464150004
AC3490,1564.11573697
AC3491,244.51857286899974
AC3492,964.4276918380008
AC3493,71.91046842269999
AC3494,1021.5126013920003
AC3495,133.89742058699997
AC3496,1293.9437564600003
AC3497,420.62593534400025
AC3498,53.623398688999984
AC3499,375.5255903880001
AC3500,100.62539398360008
AC3501,264.06083543000005
AC3502,250.2517822500002
AC3503,302.1543829110001
AC3504,1123.9071204500008
AC3505,1141.4542491399995
AC3506,455.85924581100005
AC3507,852.6290091109993
AC3508,928.0348884700007
AC3509,388.2548807819998
AC3510,1240.3709608499994
AC3511,1007.771563166
AC3512,975.6883811869999
AC3513,542.0260903710006
AC3514,174.86480311000003
AC3515,914.7754972229994
AC3516,548.6968624150002
AC3517,489.89186260599985
AC3518,567.297876814
AC3519,987.130476975
AC3520,1778.14685072
AC3521,746.4419163309998
AC3522,1206.1833811399997
AC3523,1013.517045079999
AC3524,1169.390937603
AC3525,778.2970939499995
AC3526,448.62651278300024
AC3527,97.75721906789998
AC3528,80.65394839529996
AC3529,990.3291531339996
AC3530,519.850871968
AC3531,598.1485433700003
AC3532,806.8780884399996
AC3533,533.5986373950002
AC3534,781.8473152759997
AC3535,901.1499301619998
AC3536,245.0718487370002
AC3537,130.046531232
AC3538,879.2453026599999
AC3539,1230.3767329599996
AC3540,360.04658316300004
AC3541,519.4059588390003
AC3542,313.67271423600005
AC3543,1045.8044720300006
AC3544,423.59540207700013
AC3545,596.0200582270002
AC3546,542.719544583
AC3547,600.1785956430002
AC3548,86.3352379811
AC3549,1633.6729700100007
AC3550,807.884008887
AC3551,641.3893238649995
AC3552,330.46113177499996
AC3553,914.1510661280004
AC3554,291.57025271000003
AC3555,214.31618387200007
AC3556,1043.9046581530001
AC3557,625.7021356396004
AC3558,1278.7476955199998
AC3559,533.0869573109999
AC3560,159.17963644399998
AC3561,184.4364720430001
AC3562,788.1109336810001
AC3563,1093.809815344999
AC3564,1484.1018391599996
AC3565,716.125716597
AC3566,302.37798224899984
AC3567,212.76562755900005
AC3568,147.13562694800004
AC3569,332.152533145
AC3570,775.6944183189996
AC3571,601.5940708139999
AC3572,471.45983886699963
AC3573,1283.7294773800004
AC3574,664.3653703000001
AC3575,163.59771607099995
AC3576,551.0778536666
AC3577,1687.8308007300002
AC3578,91.59865051439999
AC3579,1494.3212479499998
AC3580,122.33838233380006
AC3581,93.60086826599992
AC3582,243.14936638800006
AC3583,702.6981978639992
AC3584,185.11960738399998
AC3585,106.40456906130002
AC3586,411.10680923399974
AC3587,28.37135578520001
AC3588,217.26821691599994
AC3589,158.92390983099997
AC3590,287.503198002
AC3591,347.2256802540003
AC3592,292.1354055450001
AC3593,65.01871877859998
AC3594,131.06757738169998
AC3595,380.54082098699996
AC3596,802.6408343759999
AC3597,88.75074263729998
AC3598,212.33367611299997
AC3599,1197.5413736199991
AC3600,1264.7996028699993
AC3601,994.0616651459998
AC3602,779.8123183409998
AC3603,1685.7345483100007
AC3604,293.567496074
AC3605,789.4910131969996
AC3606,1199.9704206699998
AC3607,37.81152080549998
AC3608,1045.6472308429993
AC3609,500.7620117679999
AC3610,198.56755238200006
AC3611,764.2836360580001
AC3612,99.10476706119996
AC3613,1225.4462454800002
AC3614,475.37146399899984
AC3615,466.66620841699967
AC3616,292.793671095
AC3617,1288.521009610001
AC3618,112.01119754080008
AC3619,249.31611949200004
AC3620,233.44810190300004
AC3621,823.7195655320002
AC3622,287.507148346
AC3623,319.73124066500003
AC3624,722.0350840100001
AC3625,248.894361966
AC3626,93.4252716895
AC3627,655.9290516869997
AC3628,57.39415076830001
AC3629,60.896981359200005
AC3630,591.6079357299998
AC3631,51.57973489700004
AC3632,162.33056473099998
AC3633,280.97956682899996
AC3634,1434.0856112700005
AC3635,286.98638911199976
AC3636,1203.0234788999992
AC3637,353.4299589110001
AC3638,1000.4906388739998
AC3639,203.053995952
AC3640,899.5560348039996
AC3641,542.4183353939998
AC3642,115.37989918350007
AC3643,606.6598473699996
AC3644,738.477577494
AC3645,1135.92136012
AC3646,673.6149097309999
AC3647,376.27161800799985
AC3648,224.85262645100002
AC3649,399.0418635709998
AC3650,687.2829690730005
AC3651,1336.6118477999999
AC3652,363.2392093069998
AC3653,580.0203786740003
AC3654,1217.6162051500005
AC3655,382.57711984899987
AC3656,359.30720051200007
AC3657,918.3436109379996
AC3658,893.7158423070001
AC3659,528.2609325400002
AC3660,137.68630658570007
AC3661,138.856150306
AC3662,303.057470682
AC3663,789.0053349609999
AC3664,422.91920004600024
AC3665,870.6250214750005
AC3666,388.13191834099985
AC3667,626.5778431200004
AC3668,1287.429272240001
AC3669,1188.5824028800002
AC3670,421.7969754050001
AC3671,93.53457631169998
AC3672,355.538836787
AC3673,946.1448711350005
AC3674,907.853282722
AC3675,605.6943106699997
AC3676,1343.7700370300006
AC3677,1077.1726740999998
AC3678,1241.1851080299996
AC3679,413.534090006
AC3680,660.45207625
AC3681,583.5804380390002
AC3682,250.1315160686001
AC3683,546.9445785230002
AC3684,418.05363054999987
AC3685,147.38786392400007
AC3686,274.05855634200003
AC3687,835.3237644970002
AC3688,229.5484234330001
AC3689,790.0807450850001
AC3690,655.615379371
AC3691,500.4610617120004
AC3692,189.98985256300014
AC3693,154.46814618200008
AC3694,232.918170458
AC3695,215.18403330700016
AC3696,104.78337638930002
AC3697,330.0621763219999
AC3698,147.31710873600002
AC3699,123.67990747020004
AC3700,1159.9875865700005
AC3701,246.0131009260002
AC3702,457.96861428199975
AC3703,190.72298425799997
AC3704,283.04336046419985
AC3705,684.4555109300001
AC3706,650.1438035369998
AC3707,1527.21298038
AC3708,1234.80919178
AC3709,510.6948437030003
AC3710,121.59028772759996
AC3711,1057.3482292499993
AC3712,319.90557879999994
AC3713,974.4122625000001
AC3714,1498.307734000001
AC3715,1329.2894452000007
AC3716,148.8853225149999
AC3717,834.4491465519998
AC3718,1363.7313652399998
AC3719,1044.1281471789998
AC3720,103.62374223920004
AC3721,315.01003217000004
AC3722,1536.4053805299998
AC3723,548.2807557085001
AC3724,79.3131939896
AC3725,882.8859026519995
AC3726,103.62319396409995
AC3727,591.8708949100004
AC3728,295.75494888500003
AC3729,351.7805421579999
AC3730,581.7787831240005
AC3731,968.4725066639999
AC3732,532.8586978559999
AC3733,165.57549702099996
AC3734,484.426184453
AC3735,356.519499436
AC3736,723.1653599030002
AC3737,514.3727068170001
AC3738,350.933232017
AC3739,69.71402549649994
AC3740,371.9451342590001
AC3741,768.8929031430002
AC3742,720.5311485090001
AC3743,824.655938234
AC3744,70.06113259190002
AC3745,103.93178610870005
AC3746,336.71975224700014
AC3747,385.627870338
AC3748,101.06370053479995
AC3749,504.165334202
AC3750,1442.27283237
AC3751,51.70575969610003
AC3752,86.59777903279995
AC3753,361.43359423300006
AC3754,577.7239298635002
AC3755,66.2303218051
AC3756,338.13420874499985
AC3757,682.0169469130005
AC3758,581.7948865520002
AC3759,548.9032402310003
AC3760,223.7792794180001
AC3761,446.64462244999976
AC3762,526.5618745610002
AC3763,907.5275898190001
AC3764,459.98304773599995
AC3765,302.0353404229998
AC3766,464.0770767630001
AC3767,78.12787076409997
AC3768,1059.273564445
AC3769,1118.818696106001
AC3770,135.74847056299993
AC3771,703.4050489770001
AC3772,458.580152666
AC3773,78.51430154910001
AC3774,248.72641127699998
AC3775,40.00461828339997
AC3776,301.70546582100013
AC3777,97.15080332069999
AC3778,883.2591868209997
AC3779,1739.494661220001
AC3780,109.7221337725
AC3781,651.6045838179999
AC3782,115.17863947969995
AC3783,618.9231094270002
AC3784,286.8827700279998
AC3785,367.54084266999996
AC3786,404.81582746400017
AC3787,225.15020681940004
AC3788,732.0263753900002
AC3789,1456.4728737899993
AC3790,888.4167578060002
AC3791,163.60115869439997
AC3792,852.4138224719999
AC3793,294.44468555
AC3794,841.7372705359999
AC3795,490.36070358799986
AC3796,310.13816544100024
AC3797,108.94784570609995
AC3798,600.3488135440002
AC3799,1050.0076079520002
AC3800,81.87365938739995
AC3801,91.9470568093
AC3802,198.39155223879993
AC3803,75.0079647191
AC3804,22.095902087600006
AC3805,32.7967992445
AC3806,765.353195018
AC3807,162.96089017699987
AC3808,1425.68291523
AC3809,190.95798826100014
AC3810,591.1345430610003
AC3811,308.0240324040001
AC3812,566.5672975019995
AC3813,1010.0289065529995
AC3814,777.3352171299998
AC3815,176.10460653699997
AC3816,818.3381504979995
AC3817,324.559262116
AC3818,1644.1451237300016
AC3819,91.69150933910004
AC3820,142.5769750246
AC3821,248.46284713759997
AC3822,218.8562786409999
AC3823,442.5045985290002
AC3824,434.2203290790001
AC3825,372.0827235725999
AC3826,364.5402739499999
AC3827,578.3625830509998
AD1,141.64488363499996
AD2,387.492791536
AD3,64.6041406124
AD4,616.1984135509997
AD5,112.81202568790007
AD6,151.34092025809989
AD7,363.875797421
AD8,712.1386171770005
AD9,646.2717648070001
AD10,350.1383254100001
AD11,138.44106548740007
AD12,152.94271392299999
AD13,808.1201762510004
AD14,696.4999759210001
AD15,1018.0660690889994
AD16,630.5764743259998
AD17,756.8870595610002
AD18,578.6226803009998
AD19,1549.430851129999
AD20,197.07896406
AD21,832.3118019660003
AD22,1343.8943702900008
AD23,1619.8458874800008
AD24,316.38926051999994
AD25,746.8843834369997
AD26,546.6497798020002
AD27,354.11061589900004
AD28,269.00121110099997
AD29,770.9027657879996
AD30,1131.1680228600003
AD31,282.990634687
AD32,395.2682251120001
AD33,521.6804883499999
AD34,230.29102752099993
AD35,699.5499143470007
AD36,194.38318938300003
AD37,37.134017067699965
AD38,1568.9352417799994
AD39,795.2223798090001
AD40,480.0186768369998
AD41,50.439660685400014
AD42,183.625472961
AD43,133.52844503499998
AD44,820.9420998929996
AD45,1722.5428234700005
AD46,524.4249790940002
AD47,214.83732320199996
AD48,172.798126445
AD49,259.781653808
AD50,573.4148544750002
AD51,55.04448212740001
AD52,79.89034821540004
AD53,488.5148120870004
AD54,131.755060185
AD55,594.9961380949997
AD56,1140.0113827999996
AD57,810.0538720979998
AD58,1192.7577138499996
AD59,643.7981439909998
AD60,604.6536150629996
AD61,827.578137748
AD62,1649.73505269
AD63,718.498957838
AD64,993.4150857999994
AD65,184.86497542100014
AD66,385.4842076359999
AD67,127.06909629050006
AD68,1102.8430891699998
AD69,201.11067336800002
AD70,26.573873417399994
AD71,502.4060049510002
AD72,687.7358320839999
AD73,338.09114158000006
AD74,227.241492404
AD75,774.8544302139998
AD76,1398.5436097799993
AD77,273.5213908070001
AD78,418.05042034100006
AD79,1508.36310796
AD80,761.204040701
AD81,1183.7153567099992
AD82,608.218103599
AD83,100.71454672799997
AD84,484.36740568900007
AD85,1020.3248180980004
AD86,513.2257495579998
AD87,530.3695825020002
AD88,647.0632136540002
AD89,78.89083954849994
AD90,799.3397744019994
AD91,1374.2753651499993
AD92,203.19701521279993
AD93,575.8249238020004
AD94,518.6625127316003
AD95,143.80695868299998
AD96,692.0988062729997
AD97,343.4297282600003
AD98,1065.5965691970005
AD99,43.12476530840002
AD100,813.336649625
AD101,218.83834403700013
AD102,100.0262980514
AD103,156.99177245399997
AD104,252.93117172499996
AD105,969.3727633810001
AD106,873.3621813489999
AD107,1259.739055060001
AD108,1200.5454931199993
AD109,140.28673288200002
AD110,639.1181564240001
AD111,513.91061554
AD112,1179.3723164499993
AD113,338.9490507870001
AD114,253.03828627760006
AD115,323.25733513300037
AD116,630.8834913000003
AD117,860.4209491370005
AD118,124.28625662749994
AD119,342.5394798440001
AD120,84.46468325729997
AD121,99.28615719700002
AD122,584.5211307909995
AD123,36.163565078699996
AD124,577.4002048380004
AD125,602.1839851209998
AD126,442.56373780799987
AD127,1253.4824791699994
AD128,422.2288588290001
AD129,635.4334362495003
AD130,268.0691087569998
AD131,825.4924436819996
AD132,504.6906786020001
AD133,709.0663218300002
AD134,385.6206336120002
AD135,1555.0796125099996
AD136,786.7980378860001
AD137,459.0853416540001
AD138,824.3507425879999
AD139,1508.8878739200002
AD140,388.9138316130001
AD141,79.17924082629999
AD142,819.4514477610005
AD143,135.1121839282001
AD144,132.44377518899998
AD145,177.07247867800012
AD146,1174.1112442499993
AD147,918.6734294309999
AD148,821.8692266619996
AD149,1092.0805038199996
AD150,741.001195035
AD151,256.06542405979985
AD152,1124.1029830399996
AD153,443.1159306900001
AD154,399.90029715099985
AD155,522.7367016140001
AD156,133.58040584639997
AD157,1317.97497417
AD158,379.49194139699995
AD159,788.9925882740004
AD160,1204.1217625699996
AD161,680.7549452000001
AD162,202.49185705199994
AD163,513.4516166729998
AD164,836.476392971
AD165,593.0366108570005
AD166,417.07434609699993
AD167,428.64786043600026
AD168,450.7055696630001
AD169,832.1177268830006
AD170,92.67063730929996
AD171,705.0039250025006
AD172,246.6187165100001
AD173,605.5827767310009
AD174,662.3401951489994
AD175,328.1400063930001
AD176,307.60027290999994
AD177,407.9742957559997
AD178,1228.05900418
AD179,869.4132186509997
AD180,75.42319048949999
AD181,1278.9784949199993
AD182,253.78350152699997
AD183,73.16175200259997
AD184,1332.3818619799995
AD185,465.95739937300016
AD186,1296.6551267900002
AD187,534.9106707740003
AD188,85.80103817989999
AD189,1086.0925213330004
AD190,378.59501379099993
AD191,107.03383357780005
AD192,616.7107157979999
AD193,36.751425805500006
AD194,270.8719769599001
AD195,591.2546039269997
AD196,868.6745497799998
AD197,1184.6405027599994
AD198,191.32728976300004
AD199,107.50870362480008
AD200,600.584121756
AD201,1205.46418698
AD202,103.40859621650003
AD203,558.9465834270001
AD204,1121.2786554000002
AD205,179.48392059200003
AD206,303.1785662305999
AD207,828.8109057849998
AD208,722.9803387739998
AD209,616.7111182609999
AD210,1877.400704589998
AD211,391.82225809899995
AD212,1166.802274263001
AD213,1330.1416388599996
AD214,395.2161935840002
AD215,599.1710450509996
AD216,50.4081662092
AD217,1494.4545091999994
AD218,833.9790719099999
AD219,366.4802281720001
AD220,399.77659543899995
AD221,460.47289296
AD222,1302.5778393
AD223,52.7898332458
AD224,843.0994416849993
AD225,478.53799448700016
AD226,1695.7974353700004
AD227,518.169731859
AD228,280.925406619
AD229,405.30647246299986
AD230,415.99663397899997
AD231,470.23947612000006
AD232,837.4310886029997
AD233,570.7118648320006
AD234,546.6723797830001
AD235,301.2604724940002
AD236,355.30396819000015
AD237,424.1267547819999
AD238,728.9413358299998
AD239,834.1677014390001
AD240,1562.0495632099999
AD241,653.7715618679998
AD242,87.7278556698
AD243,897.3412312189998
AD244,627.8507299920003
AD245,295.8910188350001
AD246,623.3856755969998
AD247,1385.1559869300008
AD248,694.6861442150001
AD249,284.1690934849998
AD250,817.2277543720004
AD251,644.112464516
AD252,1374.5276133199989
AD253,153.34506084400002
AD254,78.61724539949999
AD255,656.7359750450003
AD256,124.88328722499993
AD257,1694.069591760001
AD258,560.3398056180001
AD259,241.504317709
AD260,684.5794078229999
AD261,149.505173467
AD262,44.287883621399985
AD263,664.0735271140002
AD264,334.22837883499994
AD265,651.6855572690004
AD266,291.24631518200005
AD267,135.63921619589993
AD268,1044.741140732001
AD269,772.470216845
AD270,1502.7826329599995
AD271,201.1786444449999
AD272,496.2069103499998
AD273,100.64595504840001
AD274,276.40865854999987
AD275,861.2188992609996
AD276,187.33107997699994
AD277,55.279883169800016
AD278,757.4516353339998
AD279,276.1690227610001
AD280,823.2761347950001
AD281,411.6720871439998
AD282,1374.54214167
AD283,150.58589276700005
AD284,76.55628404459998
AD285,193.04893374000002
AD286,90.11216520310003
AD287,548.4019614460003
AD288,293.1479913791998
AD289,94.58710950170006
AD290,1730.8096584500004
AD291,173.84277370099997
AD292,824.1319913210006
AD293,738.984352138
AD294,800.3801767149995
AD295,260.3452030259999
AD296,537.7236654159999
AD297,48.2564596117
AD298,756.981229658
AD299,890.7577272009999
AD300,311.00417731100026
AD301,157.45158313200002
AD302,364.7526880060002
AD303,505.0274707089996
AD304,963.4011967200007
AD305,581.3709108920004
AD306,392.898224197
AD307,186.45969333500008
AD308,390.79372388399986
AD309,212.67928008300004
AD310,589.4258988579998
AD311,755.3075770450004
AD312,1836.2294500799987
AD313,1381.0056149599995
AD314,148.9671215119999
AD315,683.8388022180002
AD316,529.7019369470001
AD317,1220.0455234700003
AD318,508.89229304200023
AD319,337.59134558700003
AD320,465.06919908400016
AD321,1156.6901557099998
AD322,346.3013176140001
AD323,51.88698694129998
AD324,667.7796556540005
AD325,1254.95603818
AD326,460.77073254500004
AD327,1270.9098140900005
AD328,365.8898119859999
AD329,1158.5814885500001
AD330,836.4311843200002
AD331,451.70465181999964
AD332,470.5759661650001
AD333,398.384082798
AD334,384.27358273100003
AD335,251.04989268380012
AD336,84.72441082669997
AD337,510.2954578669999
AD338,237.475927156
AD339,1187.4707578400005
AD340,481.94872746899995
AD341,405.42485504300015
AD342,363.75463033800014
AD343,92.723360559
AD344,1381.2510900200004
AD345,170.84913780100007
AD346,501.8523095349998
AD347,986.4146883460003
AD348,178.25376552999995
AD349,882.5348354959999
AD350,686.1037336039999
AD351,598.2561433169999
AD352,505.44857693300054
AD353,385.1735349279999
AD354,351.7470278280001
AD355,1564.1111578200012
AD356,418.00340362400004
AD357,70.95724436399996
AD358,496.60551100399994
AD359,150.40556091099998
AD360,796.2352820290009
AD361,160.86970063229987
AD362,187.50292779710003
AD363,866.6669909290001
AD364,664.2651875989997
AD365,211.07134560400013
AD366,171.94315360099995
AD367,268.7972763370001
AD368,162.0919391446
AD369,422.34671316699996
AD370,554.0736968259996
AD371,59.53294340189999
AD372,1395.34593205
AD373,1402.0801933
AD374,220.407463995
AD375,768.2093893079998
AD376,680.3644032930001
AD377,1801.2163570199994
AD378,270.926447425
AD379,1246.25429398
AD380,100.37462645390002
AD381,238.16929593899997
AD382,268.1459008690001
AD383,208.47082569180006
AD384,167.268219428
AD385,180.00740570799985
AD386,760.274719354
AD387,286.3016493871999
AD388,862.5852389770007
AD389,711.8105354989998
AD390,658.3020069883004
AD391,773.4476159669998
AD392,929.5027209780002
AD393,1357.1468048299994
AD394,132.45072208249996
AD395,332.606275632
AD396,176.64838369799998
AD397,950.7886346270004
AD398,390.4005330129998
AD399,1287.6453330500005
AD400,205.89381807799992
AD401,861.8252290559999
AD402,212.09940474200008
AD403,738.465849482
AD404,1314.3237935800003
AD405,310.42094776900007
AD406,286.6296777400001
AD407,482.17652070399976
AD408,327.83753060899994
AD409,53.3435248713
AD410,259.14996356999995
AD411,1020.3548802179997
AD412,188.3113346970001
AD413,80.91957202409995
AD414,373.829975137
AD415,639.0827148840004
AD416,228.7087748780001
AD417,492.51455666700014
AD418,341.73957284899996
AD419,481.8884816200001
AD420,169.30127437609997
AD421,636.8295809710003
AD422,49.7203521787
AD423,913.6859790380005
AD424,357.3782997250001
AD425,572.1584817750004
AD426,329.2674767739998
AD427,294.7523716900002
AD428,1178.64734897
AD429,281.47289589419995
AD430,276.99810800700004
AD431,560.3235217255001
AD432,362.97451496799977
AD433,1408.3855215000012
AD434,429.7812906410002
AD435,575.3526294880002
AD436,82.03010834529998
AD437,253.321191083
AD438,502.3427807339995
AD439,75.04094648649998
AD440,77.50957672799996
AD441,441.1638954499997
AD442,353.36027991700007
AD443,472.02048501200005
AD444,284.5877862390002
AD445,959.4875412310003
AD446,277.01641044699994
AD447,1130.2710972099997
AD448,163.1541450690001
AD449,781.5298715869999
AD450,911.8034257590001
AD451,1143.7170056000002
AD452,645.285957573
AD453,383.45125068300024
AD454,505.56360623300026
AD455,720.8065823459998
AD456,248.74397196200005
AD457,170.36664624070002
AD458,63.59953820570001
AD459,212.61789015500003
AD460,1626.508294340001
AD461,1420.5878436000007
AD462,566.4639748840003
AD463,1532.5599906900002
AD464,562.9650129879997
AD465,47.589352201699974
AD466,1303.8366665199994
AD467,1105.219898541
AD468,180.65279384899995
AD469,341.057155803
AD470,1461.43096955
AD471,399.7191121410002
AD472,553.6583155520004
AD473,197.33193917499997
AD474,654.1081159269994
AD475,932.8896088810006
AD476,1729.6379812000005
AD477,884.636372832
AD478,192.36415744699988
AD479,470.4339843089999
AD480,207.15073221599994
AD481,543.840831693
AD482,292.5480478390001
AD483,572.67639331
AD484,1358.755425959999
AD485,1366.427889969999
AD486,101.3559422574
AD487,360.60709135600007
AD488,625.9385349990002
AD489,874.792167861
AD490,800.2979560149998
AD491,132.02678826099992
AD492,72.76756880569994
AD493,768.0535954810002
AD494,554.6536323399998
AD495,524.7997324740002
AD496,1216.49562007
AD497,551.1097750280001
AD498,582.4562718270003
AD499,548.2877909869999
AD500,539.9383229703002
AD501,551.0718203849999
AD502,532.5424264890003
AD503,501.6641249634002
AD504,553.6941802522998
AD505,543.5428349285003
AD506,1184.9886220100007
AD507,183.923745735
AD508,667.6790569949993
AD509,670.4125282170003
AD510,129.5422266575
AD511,97.28517126930001
AD512,504.1567068720002
AD513,255.93981116659995
AD514,90.27430639620005
AD515,136.21950954449997
AD516,347.6497128519999
AD517,328.06656033600007
AD518,871.2463297470002
AD519,1003.9658144969997
AD520,778.8640470109999
AD521,1861.3411056899986
AD522,659.9413870190004
AD523,231.99382858399989
AD524,816.9156835660002
AD525,140.44877808869998
AD526,320.763968733
AD527,297.44847889100015
AD528,98.4628929005
AD529,165.10672962499993
AD530,1252.402275849999
AD531,105.87418598489994
AD532,170.33795591100005
AD533,793.5738737790002
AD534,710.2620337690001
AD535,1181.671429750001
AD536,105.14144922049992
AD537,157.375665878
AD538,1074.3180896039996
AD539,574.995334177
AD540,122.84260963779994
AD541,546.9100538100006
AD542,591.584739603
AD543,380.16482132300007
AD544,178.16943265600003
AD545,1585.091003500001
AD546,35.80988450519998
AD547,398.6643642160002
AD548,286.50707201200004
AD549,959.0021906889998
AD550,347.32754968999984
AD551,760.3640547950002
AD552,350.598488821
AD553,117.41632299979992
AD554,594.953662395
AD555,355.1855171350001
AD556,358.92404238600005
AD557,375.5754040419998
AD558,435.4482285220001
AD559,1247.0773299200011
AD560,270.5742160552
AD561,141.74480650500007
AD562,1287.8104538799996
AD563,234.29533989900014
AD564,237.2104313690002
AD565,417.40606608
AD566,690.8549661320001
AD567,1232.61655301
AD568,451.9894606390002
AD569,214.2659376790001
AD570,908.4006192880003
AD571,1109.4596132800004
AD572,796.0513684420002
AD573,628.7423079800003
AD574,1108.2006724599996
AD575,849.7721261089996
AD576,32.8074992674
AD577,536.3196140869996
AD578,1204.6816597999998
AD579,754.9504487290001
AD580,273.3404103830002
AD581,162.40830738899996
AD582,167.12584006400007
AD583,1544.998267369999
AD584,701.5460751930004
AD585,106.66025783129999
AD586,329.4034395810002
AD587,724.8638531880001
AD588,186.33548391340005
AD589,237.3965256740001
AD590,667.1913979479998
AD591,703.4596668370002
AD592,296.49473021800003
AD593,889.3462959939997
AD594,316.89227339499996
AD595,939.7397822639991
AD596,1066.2107835150005
AD597,1698.5387127200004
AD598,1321.9276896699996
AD599,404.630615691
AD600,284.70039931899987
AD601,201.52426495399996
AD602,655.4557780159998
AD603,241.1127432168001
AD604,128.7911670912
AD605,622.1521534730001
AD606,933.7378085219998
AD607,163.52901578000004
AD608,453.2192881339998
AD609,652.996261825
AD610,36.237276304199995
AD611,517.2667408905999
AD612,895.6563650319999
AD613,844.984070011
AD614,610.4670897840003
AD615,260.8265526350001
AD616,538.6249210010001
AD617,546.7732074642001
AD618,99.59501214650005
AD619,388.908614048
AD620,851.6222617004998
AD621,746.0008534029995
AD622,75.06629798589995
AD623,980.856508489
AD624,877.8292298059996
AD625,456.5308984789998
AD626,410.25445359800017
AD627,727.9286465160004
AD628,264.3693255229999
AD629,618.0847525439999
AD630,421.4901247969998
AD631,497.05032050200003
AD632,146.189232615
AD633,96.3915619186
AD634,68.37552867439994
AD635,178.1807669229999
AD636,381.310914069
AD637,203.28564489300004
AD638,480.13148675200006
AD639,461.29488215699996
AD640,188.54933766200008
AD641,715.6401378560003
AD642,620.6984635670002
AD643,572.3612659619998
AD644,94.3033903167
AD645,686.1109677763004
AD646,870.7642621660007
AD647,157.11846017099998
AD648,532.2718317998003
AD649,254.4584321310002
AD650,406.0811202600001
AD651,1175.8832567500015
AD652,636.0948090310004
AD653,387.25774270100004
AD654,519.037959253
AD655,335.74119781300004
AD656,746.1439298749997
AD657,865.0722238879993
AD658,245.58630250000013
AD659,1408.1398460699995
AD660,255.73598734799998
AD661,1352.9660635100001
AD662,268.8752888239999
AD663,143.31109917299997
AD664,340.407405512
AD665,198.492656036
AD666,382.5616651417999
AD667,188.947677153
AD668,339.6415233310001
AD669,307.6406275890001
AD670,1457.1734158100005
AD671,651.1649788109999
AD672,605.9183154069996
AD673,988.7977341020004
AD674,454.35486418799996
AD675,251.66509774799985
AD676,1030.6517471249997
AD677,443.980556517
AD678,633.9465925470003
AD679,79.46717721529996
AD680,950.0867349730004
AD681,1790.79768507
AD682,709.9374199913004
AD683,906.7282384339998
AD684,334.9255045070003
AD685,1701.40604579
AD686,1287.0804995099998
AD687,414.17812336600014
AD688,1704.1431415900008
AD689,408.77487039999994
AD690,409.0973648960002
AD691,1035.9072670719997
AD692,365.70355039599997
AD693,73.05940834629997
AD694,64.52948125249998
AD695,707.259255692
AD696,856.7951719859998
AD697,278.6378873098999
AD698,884.5553714809997
AD699,870.008377773
AD700,124.69742554639994
AD701,975.9324516369996
AD702,973.9708093770001
AD703,532.2770586189998
AD704,405.3334203810001
AD705,204.6400629439999
AD706,172.83350312800005
AD707,819.9577594120002
AD708,717.1260563740003
AD709,471.07256762000026
AD710,97.00617746629997
AD711,473.7849394919999
AD712,515.3261964929999
AD713,169.38458573099996
AD714,26.851884961299994
AD715,239.08003044400007
AD716,509.25989228599997
AD717,230.20374177100018
AD718,493.3229219510003
AD719,1058.216487960999
AD720,91.37032169699998
AD721,287.62545999699995
AD722,756.2837912549995
AD723,190.0847286050002
AD724,535.930900785
AD725,446.7947449840001
AD726,517.1765437950002
AD727,1344.2413865800002
AD728,894.2965191679998
AD729,805.774498596
AD730,969.247759406
AD731,418.5614444840001
AD732,218.941679177
AD733,571.9499434850001
AD734,423.8329230469998
AD735,262.12714749040003
AD736,598.0958801340003
AD737,1264.26194357
AD738,374.7252023629998
AD739,846.3116953519997
AD740,497.5609283709995
AD741,157.96673629899993
AD742,892.2948586770002
AD743,461.92351557899985
AD744,1373.0701142
AD745,92.80332896129998
AD746,101.86810437740009
AD747,1261.92056986
AD748,949.5861143290006
AD749,657.8392272810004
AD750,302.1155097360001
AD751,1138.9647910000006
AD752,156.66466906719998
AD753,65.5854627645
AD754,848.9382252309995
AD755,387.30436184699994
AD756,379.76265636799985
AD757,829.0149231950003
AD758,774.6019950769999
AD759,714.3990135210003
AD760,91.61192480759999
AD761,1230.3938346199998
AD762,710.9259328229996
AD763,556.4184622110002
AD764,188.75658896899998
AD765,87.36070483619999
AD766,411.8484796660001
AD767,292.78547144799995
AD768,172.48877112800005
AD769,53.24179117939999
AD770,193.190188705
AD771,61.0718638748
AD772,257.87467118800015
AD773,265.67397568500013
AD774,464.0599800510001
AD775,243.12545838100013
AD776,935.0846617549998
AD777,607.7538997869999
AD778,589.9995906270003
AD779,676.1861350030003
AD780,762.5107472910001
AD781,468.3093306889998
AD782,557.9219454610001
AD783,504.1903071379999
AD784,500.2378922460003
AD785,71.57636212529994
AD786,335.5791603659998
AD787,350.797470904
AD788,299.07577126600006
AD789,872.6813209990003
AD790,214.03233240499998
AD791,1031.8695679049995
AD792,1105.088866403
AD793,1778.7613250399997
AD794,461.663638039
AD795,1066.1241870630004
AD796,719.925649865
AD797,1251.4536234799998
AD798,187.31679531399996
AD799,227.3602855879999
AD800,1445.9020663100005
AD801,1287.4441105110002
AD802,278.23464266979977
AD803,743.7892009340001
AD804,161.2234652571
AD805,922.1067913690002
AD806,157.87568316199994
AD807,1132.4662743799995
AD808,304.15086735899996
AD809,365.7557425190002
AD810,319.5907303807999
AD811,183.33921419670006
AD812,803.2081763609999
AD813,507.5480872319999
AD814,1245.2570769500003
AD815,274.9956332529998
AD816,1260.6634662099991
AD817,50.847245948300014
AD818,510.27272790300026
AD819,47.71645849239999
AD820,1091.5070461799992
AD821,404.07014471700006
AD822,900.9896694919996
AD823,887.7250136889999
AD824,1045.7279397280001
AD825,314.0446419050001
AD826,323.8587600699999
AD827,576.7170671306003
AD828,309.85664718399994
AD829,551.4578152590003
AD830,225.882288271
AD831,63.95586448839997
AD832,153.02055046869992
AD833,344.7783549280001
AD834,237.82570803800002
AD835,726.414113145
AD836,201.99824132500012
AD837,666.5827582000003
AD838,673.2689381199998
AD839,1627.883455700001
AD840,373.68370800800034
AD841,411.14862873199985
AD842,270.65119354299986
AD843,694.17236806
AD844,920.1960121990007
AD845,566.433200372
AD846,546.3773216200005
AD847,482.2047145766
AD848,346.1587847761
AD849,1107.0415725119994
AD850,175.98641401199993
AD851,597.8166729469996
AD852,144.6167327680001
AD853,514.7430489060002
AD854,986.3742499059999
AD855,213.2408208510001
AD856,1270.7187250499996
AD857,308.9314726560001
AD858,215.08799653099996
AD859,781.8011023470001
AD860,1608.2372743200003
AD861,368.8411572689999
AD862,490.40104261299973
AD863,1314.1267661900004
AD864,77.30656420879995
AD865,644.3582437460005
AD866,972.0862998239999
AD867,191.3460233300001
AD868,221.71464898399998
AD869,837.2736011940001
AD870,1361.5107227000003
AD871,554.0766771430001
AD872,438.3274004069998
AD873,158.82196136500008
AD874,585.9768393219999
AD875,157.04557941299993
AD876,91.67987051810002
AD877,1429.7241890800005
AD878,352.08156246800013
AD879,443.31187046100007
AD880,774.2690142929996
AD881,168.95902093099986
AD882,585.6041904299997
AD883,1639.1267666099995
AD884,422.02804143499975
AD885,992.4712098449999
AD886,265.615591844
AD887,600.2230009960003
AD888,524.238692038
AD889,479.20763953199975
AD890,394.9822876060001
AD891,305.10049466400005
AD892,669.297425774
AD893,638.4543312220001
AD894,650.5057751029999
AD895,1164.4944889500007
AD896,594.7819633599998
AD897,838.0073912769996
AD898,204.21362233499994
AD899,1046.383132133999
AD900,435.66225363300015
AD901,187.51262726900012
AD902,399.406297924
AD903,424.63842354500014
AD904,139.9688558440001
AD905,1344.7302760900006
AD906,1062.1491620419997
AD907,844.9453887320001
AD908,1466.6267344499997
AD909,208.2906583552001
AD910,358.712410307
AD911,503.3688025459996
AD912,458.20233056000006
AD913,1370.4455404399996
AD914,927.9056166590002
AD915,683.1275527589999
AD916,79.56440221259993
AD917,341.6789616020001
AD918,240.36042256800008
AD919,651.9727552659999
AD920,338.227732049
AD921,71.84290573569997
AD922,1024.9585280709994
AD923,1218.0938841499992
AD924,887.3688317380003
AD925,49.76039203659999
AD926,643.4123024589996
AD927,467.3729143969997
AD928,85.51811520739999
AD929,406.62006380399987
AD930,903.7767917019997
AD931,498.89850178299974
AD932,964.9494359699999
AD933,1135.9081265199995
AD934,174.112197483
AD935,1241.6554136100003
AD936,1404.2950129299998
AD937,250.93377778000004
AD938,141.66198512600002
AD939,505.51683619699975
AD940,635.9041222930006
AD941,1016.4654334849993
AD942,183.90728918909997
AD943,601.4148698860005
AD944,186.70323007100004
AD945,243.345040583
AD946,219.55208350800007
AD947,1332.0893901600007
AD948,393.97231609499977
AD949,343.97825624799987
AD950,22.421275673700006
AD951,144.4613342891001
AD952,296.3374960389999
AD953,655.2845799960004
AD954,75.4071974841
AD955,231.55411412980007
AD956,550.4377354412995
AD957,1369.6880072200001
AD958,275.59989186999996
AD959,243.90426277380004
AD960,1441.3206965700003
AD961,830.529388592
AD962,439.02589494400013
AD963,646.7753078000001
AD964,474.9483427350002
AD965,629.7164599319999
AD966,794.1304190130004
AD967,1075.643075764
AD968,393.6652062220001
AD969,521.0628220340001
AD970,285.88221851199995
AD971,310.3271313460002
AD972,215.526482478
AD973,1157.6859383600008
AD974,344.61701903179977
AD975,155.16413387
AD976,245.98136956899995
AD977,203.98963708399995
AD978,291.96596972339995
AD979,150.74315761599996
AD980,109.01446573640006
AD981,554.5364024839998
AD982,433.6941331289997
AD983,263.5043580384002
AD984,483.4987781120002
AD985,267.57180329400006
AD986,523.2689336070001
AD987,189.99668690099995
AD988,35.95490915539998
AD989,374.3160282029998
AD990,401.2767896089999
AD991,1138.1457021899998
AD992,36.3459447067
AD993,217.20002404999988
AD994,387.039813339
AD995,149.8281654868
AD996,915.2784624520004
AD997,40.68777871539997
AD998,926.4329539065005
AD999,1207.26253719
AD1000,91.43269666999996
AD1001,205.6955178060001
AD1002,124.98941788240009
AD1003,485.29528309700004
AD1004,232.94080269000017
AD1005,258.18073477300004
AD1006,347.049370042
AD1007,495.57655293199997
AD1008,335.4839816450001
AD1009,276.18924415399994
AD1010,1191.9717989600001
AD1011,1486.0678627099994
AD1012,265.92453495200016
AD1013,214.6417232709999
AD1014,518.1360933020001
AD1015,705.1294723060001
AD1016,957.6466574320006
AD1017,995.7578415550001
AD1018,171.12674336560008
AD1019,512.6612327019998
AD1020,449.5219221930002
AD1021,1716.9867348600005
AD1022,449.14974522299985
AD1023,1067.7046010169993
AD1024,1042.0858964039996
AD1025,961.9062122110001
AD1026,788.220351537
AD1027,350.5785834090002
AD1028,36.654266553000014
AD1029,963.1617901910001
AD1030,881.3477683520001
AD1031,246.24067352899988
AD1032,892.632584699
AD1033,1359.1552150000002
AD1034,711.8389573400003
AD1035,168.38932216199993
AD1036,1306.6559465
AD1037,319.553700404
AD1038,1582.5777379600001
AD1039,555.7842735249999
AD1040,392.7878567889999
AD1041,460.731483627
AD1042,1113.5938829900006
AD1043,1314.0611604300004
AD1044,297.6440195529999
AD1045,954.1973721490011
AD1046,736.3836644959998
AD1047,780.207602342
AD1048,247.45821655900002
AD1049,1465.874663040001
AD1050,43.383309686899985
AD1051,319.02503413000005
AD1052,218.7424818109999
AD1053,174.11636260000006
AD1054,1028.7079974929995
AD1055,476.0912720345999
AD1056,1118.8501105999999
AD1057,1298.1675027300014
AD1058,1154.6331257300005
AD1059,527.9623372990004
AD1060,1730.49630509
AD1061,316.62935284399987
AD1062,820.0911304170004
AD1063,532.1218479410002
AD1064,460.4966360929999
AD1065,735.4622786549996
AD1066,1525.63703815
AD1067,788.7603025860002
AD1068,92.10881986889997
AD1069,461.93031063300026
AD1070,855.607578321
AD1071,649.3811018340001
AD1072,1160.2908578999995
AD1073,995.1524888049997
AD1074,413.86368200000027
AD1075,502.84215827199955
AD1076,638.9975342710003
AD1077,856.5733138300006
AD1078,1159.0082185800006
AD1079,1235.240306589999
AD1080,154.951156631
AD1081,483.40464357399986
AD1082,1289.9895569
AD1083,379.931070443
AD1084,520.1380824559998
AD1085,425.3684772870001
AD1086,523.305647807
AD1087,69.36468824030001
AD1088,704.4772801280004
AD1089,135.23287785799997
AD1090,1174.5900142199998
AD1091,1010.6871073479998
AD1092,160.568280611
AD1093,1632.1900056099996
AD1094,481.5870379889999
AD1095,122.9475783744001
AD1096,232.6549207859998
AD1097,294.07932129380004
AD1098,169.83547713999997
AD1099,639.4071621450001
AD1100,559.7955753860001
AD1101,548.228241373
AD1102,526.6074659889999
AD1103,499.47836253780025
AD1104,577.59019018
AD1105,600.3072510740003
AD1106,558.0028376040001
AD1107,562.32728898
AD1108,626.8092930890004
AD1109,493.5520459402001
AD1110,562.3113861540002
AD1111,504.66267930000026
AD1112,585.7784406349999
AD1113,573.1412333320004
AD1114,522.4797055642002
AD1115,566.5698706270002
AD1116,551.338646464
AD1117,568.8480531290002
AD1118,632.1364451810001
AD1119,535.8953700280002
AD1120,549.2449667000004
AD1121,634.3904892080004
AD1122,553.8967387200001
AD1123,578.9953491670001
AD1124,551.9889960260001
AD1125,501.1385428810005
AD1126,565.5897001470005
AD1127,519.822680303
AD1128,540.5211586310002
AD1129,580.6169566199999
AD1130,554.010597527
AD1131,612.4281400230004
AD1132,565.4902266510002
AD1133,565.0889128556
AD1134,558.0471298969999
AD1135,575.3775342599998
AD1136,537.737101149
AD1137,547.3476200660003
AD1138,562.7687483820004
AD1139,555.2303837230002
AD1140,542.3027920640001
AD1141,530.5385573279998
AD1142,554.2003950520002
AD1143,525.6678857831997
AD1144,544.410433031
AD1145,526.7661002799999
AD1146,522.7354768549999
AD1147,553.5465163810001
AD1148,544.796635417
AD1149,518.0568233621998
AD1150,544.1816349662002
AD1151,554.7971665470002
AD1152,549.7430583650005
AD1153,531.3205003599998
AD1154,526.165707233
AD1155,573.0752968910002
AD1156,554.192309293
AD1157,513.7669909579997
AD1158,588.8826122380001
AD1159,537.7991544099998
AD1160,554.7153817460002
AD1161,538.8068714149999
AD1162,598.422525859
AD1163,595.4503837730003
AD1164,559.6171727710001
AD1165,563.5784578280003
AD1166,559.7445860130001
AD1167,528.3602901201999
AD1168,572.4719130580003
AD1169,541.8495826170001
AD1170,546.6127367140001
AD1171,569.1470244220003
AD1172,549.3967902920002
AD1173,558.6977868500004
AD1174,527.6973428699999
AD1175,561.9015769650002
AD1176,553.4351664449999
AD1177,550.0763791680002
AD1178,535.978670943
AD1179,653.7486385820004
AD1180,556.2093713830002
AD1181,550.1120696060001
AD1182,549.0343620840001
AD1183,553.2758407502002
AD1184,525.0734082445001
AD1185,552.5902002000001
AD1186,526.9896806600001
AD1187,551.2727515703998
AD1188,554.7518481260001
AD1189,569.5165013230002
AD1190,560.1095622740002
AD1191,551.6189048740001
AD1192,560.3268019540001
AD1193,547.158904051
AD1194,544.9786191500001
AD1195,537.8108563098001
AD1196,560.0196802340004
AD1197,602.6268651770002
AD1198,522.9276489214
AD1199,573.3399070710003
AD1200,526.498463399
AD1201,554.2392277380002
AD1202,555.8153831040001
AD1203,549.1787924760004
AD1204,555.133482683
AD1205,617.5576564700003
AD1206,553.0204977539998
AD1207,538.2549582010002
AD1208,591.931620821
AD1209,547.9121543850001
AD1210,556.4192069210002
AD1211,577.3870511350001
AD1212,557.0733417190002
AD1213,563.2411378390001
AD1214,526.4477821060003
AD1215,621.5535028950002
AD1216,531.2980570580004
AD1217,577.9651767790002
AD1218,542.7100763450002
AD1219,546.945925943
AD1220,549.1727536270001
AD1221,539.2690048260002
AD1222,543.8098460920002
AD1223,554.3913308240002
AD1224,571.8241336030003
AD1225,579.9576437919998
AD1226,578.8047008510001
AD1227,547.1502809660001
AD1228,605.9457589310003
AD1229,607.275169452
AD1230,557.2639159600002
AD1231,554.5670968170001
AD1232,557.5279375830002
AD1233,556.2535682360003
AD1234,505.27676377639995
AD1235,648.2299776550003
AD1236,523.2849780000003
AD1237,601.3619350830002
AD1238,551.6888397100001
AD1239,545.6245109510003
AD1240,578.8822551520003
AD1241,556.0323104950002
AD1242,556.329978579
AD1243,567.9482661410001
AD1244,512.0487997129999
AD1245,551.712879662
AD1246,598.9873585650001
AD1247,562.4995892209998
AD1248,585.7495722209999
AD1249,585.0665954230001
AD1250,572.8682101120002
AD1251,563.2570692310002
AD1252,586.7470517610001
AD1253,611.9818776770002
AD1254,667.6707158100004
AD1255,556.5364938060001
AD1256,544.0130972819999
AD1257,553.3557788449999
AD1258,527.1280578160001
AD1259,614.6575480820006
AD1260,586.7700837279999
AD1261,556.5524260800003
AD1262,572.5360249610002
AD1263,550.5077935840003
AD1264,578.8861855986003
AD1265,556.9265086710003
AD1266,582.0900546140002
AD1267,557.8878344330002
AD1268,569.4305241830002
AD1269,589.845700444
AD1270,548.512528419
AD1271,529.2828397968004
AD1272,615.3158825480002
AD1273,562.40565088
AD1274,557.1160100280003
AD1275,560.499736257
AD1276,683.8806880620007
AD1277,561.0115446620002
AD1278,557.0579137860003
AD1279,578.5393380780001
AD1280,558.6800713360003
AD1281,537.426647797
AD1282,570.0699444170003
AD1283,548.8625438700002
AD1284,553.536361135
AD1285,555.7114794970004
AD1286,625.6219643740001
AD1287,591.5414684723003
AD1288,547.9862732320001
AD1289,541.9313846690001
AD1290,564.8960428880002
AD1291,504.0689013685999
AD1292,541.7788512070002
AD1293,526.4586036098001
AD1294,559.7537483780004
AD1295,610.6866154860002
AD1296,646.7304278720006
AD1297,551.2705837710005
AD1298,574.8010248100002
AD1299,566.8001175840002
AD1300,564.747472299
AD1301,614.851334221
AD1302,621.5087444139999
AD1303,588.4036804670001
AD1304,546.671957321
AD1305,530.4299917920001
AD1306,560.5141858520002
AD1307,534.1140996400001
AD1308,562.318111429
AD1309,558.5473940790001
AD1310,526.232541901
AD1311,551.0428377810001
AD1312,549.6616336335001
AD1313,507.84228356800014
AD1314,538.809533138
AD1315,558.8025114940001
AD1316,561.9943026930002
AD1317,528.0892169335003
AD1318,528.0376633420002
AD1319,509.3441670314
AD1320,579.6486518250003
AD1321,576.0194617830002
AD1322,550.7511615750002
AD1323,519.3100064549999
AD1324,530.9229552869998
AD1325,560.0013145750003
AD1326,552.3922491680001
AD1327,563.120744123
AD1328,539.930771651
AD1329,552.276760615
AD1330,572.614131331
AD1331,517.3862845553999
AD1332,559.4213087200001
AD1333,559.6299652540002
AD1334,817.662017508
AD1335,573.4718502052002
AD1336,139.8908459120001
AD1337,84.71519698859998
AD1338,113.18947884759999
AD1339,403.4347030309998
AD1340,450.2393028760001
AD1341,937.9691323329998
AD1342,408.36064239399985
AD1343,507.03224609200015
AD1344,295.09839391800034
AD1345,1266.3311823400002
AD1346,1489.6352705899997
AD1347,825.951088282
AD1348,203.44859483
AD1349,433.2790963179998
AD1350,693.9763374110001
AD1351,248.81704111999997
AD1352,439.15966323899994
AD1353,372.75219327900015
AD1354,47.09276212220003
AD1355,496.84736209400035
AD1356,116.28284302009999
AD1357,108.97661586910004
AD1358,59.4128895156
AD1359,555.0164053490003
AD1360,174.23888323999992
AD1361,265.9692022670001
AD1362,450.65889936099995
AD1363,402.8469678920001
AD1364,215.91787127599986
AD1365,695.4376268279998
AD1366,315.18410441300006
AD1367,578.2611798880001
AD1368,997.3025557289994
AD1369,341.29543800799996
AD1370,1016.5953006990004
AD1371,375.5516816919998
AD1372,136.94851567999999
AD1373,681.8301078510002
AD1374,110.14782770960002
AD1375,1056.728889569
AD1376,448.858532578
AD1377,1227.8587208100007
AD1378,1156.4639727599995
AD1379,411.684724384
AD1380,153.67549754800012
AD1381,467.2610417790003
AD1382,141.3573101917999
AD1383,324.017600765
AD1384,1199.97252131
AD1385,101.13593956499999
AD1386,1855.1642517499993
AD1387,378.24122166700005
AD1388,338.3635761970001
AD1389,620.9351163719998
AD1390,550.7511346089999
AD1391,777.0291085819999
AD1392,521.2717861780001
AD1393,915.878577619
AD1394,458.71215994199997
AD1395,1458.5318133699998
AD1396,274.89724588400003
AD1397,213.2752171668
AD1398,95.47332911849995
AD1399,825.9967740719999
AD1400,1497.4557229200002
AD1401,1098.088153966
AD1402,350.1749595469999
AD1403,876.0075810240007
AD1404,152.78797102799993
AD1405,1316.6535391399996
AD1406,258.68554018400005
AD1407,134.85453272999993
AD1408,667.3654672930002
AD1409,1483.55786681
AD1410,352.18908069300005
AD1411,134.75388806899997
AD1412,766.5302688180003
AD1413,138.6352603299999
AD1414,133.80447245300005
AD1415,174.35724639399987
AD1416,956.3131189550007
AD1417,357.0906686749999
AD1418,1441.516274049999
AD1419,163.4892146230001
AD1420,336.948993474
AD1421,166.96731137799998
AD1422,403.695743977
AD1423,875.9683321029994
AD1424,111.16410430410002
AD1425,883.8455091639995
AD1426,690.1107624060003
AD1427,371.36702569699975
AD1428,78.04676064969995
AD1429,1320.94227581
AD1430,1373.3471817499992
AD1431,1108.157220949999
AD1432,324.6280318640001
AD1433,1674.80694241
AD1434,145.72557132499998
AD1435,1034.523648288001
AD1436,359.85949368000007
AD1437,603.9934797580001
AD1438,292.80009506780004
AD1439,303.6502679018
AD1440,55.1611049744
AD1441,509.7749258970003
AD1442,620.5353079560003
AD1443,574.3313879150004
AD1444,193.08923403100007
AD1445,1872.1786833299996
AD1446,392.1629570800001
AD1447,1456.3455644500002
AD1448,322.41380003199987
AD1449,179.19766397499995
AD1450,68.99596205650003
AD1451,227.1539502410001
AD1452,418.20319568699983
AD1453,184.38459824900008
AD1454,1605.4208224500003
AD1455,708.7912984930001
AD1456,207.88780528800012
AD1457,316.2065107300001
AD1458,360.7513895259999
AD1459,198.15575444199993
AD1460,309.2087141130001
AD1461,1560.0547961700004
AD1462,365.5964285240001
AD1463,169.89702254900004
AD1464,962.6614516269999
AD1465,80.15932288229995
AD1466,82.86107444259999
AD1467,130.8488161923999
AD1468,56.34595155520001
AD1469,576.1171820730004
AD1470,544.2320637930003
AD1471,323.341913393
AD1472,463.92515369100016
AD1473,31.587908012599993
AD1474,832.1854887600003
AD1475,539.6804669790006
AD1476,1184.0450264100004
AD1477,1014.8290614039998
AD1478,360.4643527660003
AD1479,368.1871009827999
AD1480,1072.2942819629998
AD1481,310.30859819499966
AD1482,175.63023671400006
AD1483,242.64133126699994
AD1484,466.19967076099994
AD1485,153.394801653
AD1486,114.32745656770001
AD1487,571.4984492140002
AD1488,687.8905376480002
AD1489,62.999090848999955
AD1490,440.7562007499997
AD1491,328.0214812019999
AD1492,861.1047208419998
AD1493,1191.7720620099992
AD1494,572.812895872
AD1495,145.58796821700003
AD1496,1415.7384201300003
AD1497,419.45443046700007
AD1498,98.5357183814
AD1499,554.7519629120002
AD1500,599.2684760829999
AD1501,109.43397351890003
AD1502,1464.6612473300002
AD1503,232.42945247210005
AD1504,766.6022192379995
AD1505,998.3935188979995
AD1506,633.5772541780005
AD1507,623.8540480489997
AD1508,670.2363673650001
AD1509,199.4890037100001
AD1510,958.1034551380009
AD1511,513.9150974230001
AD1512,463.5185731479998
AD1513,401.4936328680002
AD1514,984.3217048500001
AD1515,677.5654371470004
AD1516,731.0087060989999
AD1517,1735.4441640300004
AD1518,94.44672272839998
AD1519,503.363951801
AD1520,343.929712344
AD1521,110.10780908999998
AD1522,108.04445428199993
AD1523,658.1278049160003
AD1524,559.6997476140002
AD1525,339.80346602600025
AD1526,231.85518838950003
AD1527,536.8818239260003
AD1528,869.3048597049998
AD1529,1804.1911743399996
AD1530,319.24141405
AD1531,307.473907334
AD1532,1296.8957398900004
AD1533,449.0969811169998
AD1534,507.3149223680001
AD1535,580.4514007829999
AD1536,400.42260988500004
AD1537,1238.6454876399998
AD1538,43.60168880439999
AD1539,460.0733589710004
AD1540,1355.4195764400004
AD1541,811.2947149170002
AD1542,213.97954162100004
AD1543,272.82850859100006
AD1544,69.07182535179999
AD1545,587.246288238
AD1546,1022.2292303760006
AD1547,260.0439007159998
AD1548,64.3172321226
AD1549,689.300220757
AD1550,605.7299721940002
AD1551,165.032370437
AD1552,146.50274225299998
AD1553,558.4121377760006
AD1554,337.26174306400026
AD1555,644.1589767280002
AD1556,83.0638577817
AD1557,409.81209965299996
AD1558,876.6784610060005
AD1559,151.978833129
AD1560,474.7437171729999
AD1561,831.2222206039999
AD1562,1573.0068254300006
AD1563,390.088517465
AD1564,581.1524885439999
AD1565,877.6177053960004
AD1566,132.48541237339992
AD1567,196.48884829200003
AD1568,1162.8661394600003
AD1569,28.638852828299996
AD1570,1348.3745532000007
AD1571,748.684701839
AD1572,968.185134068
AD1573,1319.3671726300006
AD1574,194.09838347999997
AD1575,716.2669486270005
AD1576,131.72137819900013
AD1577,96.88920635660001
AD1578,861.1806914649989
AD1579,80.51035452709998
AD1580,193.50965753460008
AD1581,493.5918238020002
AD1582,239.34819975200003
AD1583,1619.791040939999
AD1584,388.44203024100005
AD1585,111.86819079089999
AD1586,193.79761158000002
AD1587,708.118422002
AD1588,232.31122493399994
AD1589,248.62294130500013
AD1590,200.5787661079999
AD1591,275.523214714
AD1592,1087.0081009760004
AD1593,216.98995942899987
AD1594,309.1313631489999
AD1595,172.3253471650001
AD1596,383.7719481929997
AD1597,98.07913471519996
AD1598,412.41511569399995
AD1599,401.93687355799995
AD1600,145.18470355099998
AD1601,89.3370093417
AD1602,229.17838333200012
AD1603,288.2476522239999
AD1604,81.30884476889995
AD1605,327.4267769240001
AD1606,1731.16225805
AD1607,497.1020933860002
AD1608,208.71132332300004
AD1609,1268.2150960400004
AD1610,269.64674097800014
AD1611,75.85846216179996
AD1612,304.758339532
AD1613,858.6323321449994
AD1614,1838.9662668999995
AD1615,1144.4676191500005
AD1616,273.4163128349998
AD1617,251.90698086009994
AD1618,437.8436983
AD1619,722.1817693300004
AD1620,146.40529735699994
AD1621,174.52287739199994
AD1622,332.662653381
AD1623,298.10712860800004
AD1624,982.6142713470003
AD1625,1243.02580656
AD1626,208.27451948599992
AD1627,690.0308816340003
AD1628,349.68693847000003
AD1629,381.8205280529998
AD1630,216.58492132250004
AD1631,490.65435689800034
AD1632,234.93975507900018
AD1633,1726.1558088200006
AD1634,235.98568529600007
AD1635,1113.6749543700003
AD1636,240.16127663700016
AD1637,1220.4109783199992
AD1638,123.82852234590013
AD1639,291.172826382
AD1640,323.26351097700007
AD1641,389.92911911500005
AD1642,266.02100694800004
AD1643,847.9792189490003
AD1644,420.8731847210001
AD1645,527.9314934680004
AD1646,325.4166838990001
AD1647,348.42797387100006
AD1648,967.4808356499999
AD1649,1264.69930637
AD1650,213.59468798599994
AD1651,346.0450337009998
AD1652,654.8993380769998
AD1653,1098.2103577849994
AD1654,38.59573133309997
AD1655,271.2998129059999
AD1656,50.95696732730002
AD1657,444.1087535280003
AD1658,127.83556200299999
AD1659,1136.66077707
AD1660,969.593386529
AD1661,1643.32668324
AD1662,419.572659643
AD1663,281.20778449999995
AD1664,148.61195551599994
AD1665,301.5233273350002
AD1666,163.684464589
AD1667,277.0690157520001
AD1668,69.42744456970003
AD1669,84.39233305830007
AD1670,881.8086908550001
AD1671,1001.755786332
AD1672,272.38696975299996
AD1673,174.153173104
AD1674,1016.7794209419999
AD1675,232.81327310599988
AD1676,239.67304163200018
AD1677,1373.6797613399988
AD1678,523.0757705750005
AD1679,298.60492842400015
AD1680,1229.1017523599994
AD1681,125.28881528279997
AD1682,976.2075156380008
AD1683,1269.36227583
AD1684,522.6964661879999
AD1685,110.73258888070004
AD1686,786.3898462630002
AD1687,116.12768047659988
AD1688,796.468725706
AD1689,543.786306825
AD1690,1228.9515768100007
AD1691,1539.6508889899994
AD1692,809.0638047229997
AD1693,345.60152032700006
AD1694,152.83837511699997
AD1695,214.37846609700006
AD1696,253.6933607270001
AD1697,821.90378113
AD1698,286.09136947300004
AD1699,102.38321268230001
AD1700,1550.2405421699996
AD1701,153.73627589300003
AD1702,218.28351440400016
AD1703,376.8403154579999
AD1704,362.753629335
AD1705,690.2079137520002
AD1706,69.35653152950002
AD1707,833.4369415649994
AD1708,1151.1176419000003
AD1709,553.2168543690002
AD1710,252.167668451
AD1711,546.9089780619998
AD1712,233.0804885004999
AD1713,145.78410720999997
AD1714,458.1185844390002
AD1715,496.402295672
AD1716,258.296293151
AD1717,517.3191541170002
AD1718,173.3630497
AD1719,38.661258294100016
AD1720,1072.2068355799995
AD1721,913.7928490949994
AD1722,578.9403802340001
AD1723,294.46916988899994
AD1724,286.259607528
AD1725,156.59730255799997
AD1726,59.571385021199994
AD1727,748.088499927
AD1728,1131.9623303399997
AD1729,149.755833763
AD1730,963.3556838030004
AD1731,247.28659624999992
AD1732,394.8688340450002
AD1733,495.20691888639993
AD1734,289.2295892320001
AD1735,413.5227226569999
AD1736,899.6061904019999
AD1737,355.33113133000023
AD1738,1023.2426966329995
AD1739,21.187128841899998
AD1740,198.08283420900005
AD1741,92.94752009329996
AD1742,163.15106230299997
AD1743,433.42862114200005
AD1744,1583.736763270001
AD1745,1268.71755662
AD1746,844.6804601020001
AD1747,636.9519400220001
AD1748,1450.0665814100005
AD1749,1241.5310880999996
AD1750,1061.1112123509995
AD1751,323.6481525909998
AD1752,1005.7843732599996
AD1753,1690.2124707200003
AD1754,116.23398559730008
AD1755,81.83891153220006
AD1756,43.1815812518
AD1757,1351.8082984299988
AD1758,1266.4122637700011
AD1759,135.14981975259994
AD1760,217.97473590570007
AD1761,668.5965283259997
AD1762,233.02688746099994
AD1763,266.61946978700007
AD1764,281.8292347169999
AD1765,629.9018805289999
AD1766,216.755279363
AD1767,1280.1918828500002
AD1768,906.085715951
AD1769,347.0246874120002
AD1770,482.2768177189999
AD1771,656.8056730109998
AD1772,468.8996901429998
AD1773,375.58563585600007
AD1774,38.9461907315
AD1775,1591.3900398700007
AD1776,1568.8384726700003
AD1777,625.244627866
AD1778,277.745572798
AD1779,292.8922385920001
AD1780,1267.7913890200002
AD1781,882.9172738070001
AD1782,1096.05237306
AD1783,182.4664263640001
AD1784,276.370044319
AD1785,915.7844149119995
AD1786,40.0998894128
AD1787,651.0009966910003
AD1788,102.98229184600004
AD1789,143.5439652747001
AD1790,308.6347249419999
AD1791,1459.6674478099997
AD1792,1142.9505274099997
AD1793,357.688861915
AD1794,56.30249103450005
AD1795,800.464481917
AD1796,179.28594033700003
AD1797,965.501395935
AD1798,77.85139333459993
AD1799,547.4820809460002
AD1800,69.37030228120004
AD1801,575.6590351099999
AD1802,1292.0315952199996
AD1803,81.03235216699998
AD1804,102.55356061399996
AD1805,1389.061296410001
AD1806,785.4632214650001
AD1807,226.31253040399994
AD1808,668.3955625699999
AD1809,133.762000049
AD1810,269.68058468699985
AD1811,906.212720124
AD1812,553.3191924099999
AD1813,497.36903377300024
AD1814,1044.1632450709997
AD1815,140.23211076700002
AD1816,613.4721803709998
AD1817,678.5797047259999
AD1818,314.1555324790002
AD1819,519.9624375939998
AD1820,31.142185372800004
AD1821,616.5048414839999
AD1822,135.3962563009999
AD1823,1025.8337636769993
AD1824,1737.3965170900012
AD1825,1665.1991563300016
AD1826,772.731032032
AD1827,1003.5204533809997
AD1828,386.93484036099983
AD1829,987.1746334580006
AD1830,179.19286546099994
AD1831,305.893306689
AD1832,88.37072450599997
AD1833,969.3991570639996
AD1834,919.9272460090003
AD1835,983.9891415489999
AD1836,211.09035633599987
AD1837,540.6556681140002
AD1838,376.6255914339998
AD1839,1128.7198213199993
AD1840,399.09263289300003
AD1841,508.60521697000036
AD1842,341.74667943400004
AD1843,55.06777654390001
AD1844,513.9128675000001
AD1845,522.3970217039998
AD1846,548.8758373000003
AD1847,1771.9579386600003
AD1848,1459.9462376500003
AD1849,300.8364510109998
AD1850,114.72865258940001
AD1851,74.35253582529998
AD1852,31.614538007699977
AD1853,733.5120364130001
AD1854,204.18108273800004
AD1855,232.139576805
AD1856,115.90841717300003
AD1857,258.72729688899983
AD1858,1038.441120350999
AD1859,763.5540642600005
AD1860,390.8977778670001
AD1861,1062.6992680299998
AD1862,713.670238886
AD1863,368.919665485
AD1864,1137.18855885
AD1865,1091.08289949
AD1866,560.278038067
AD1867,772.8455654130001
AD1868,738.555330966
AD1869,149.24784498000002
AD1870,570.902742358
AD1871,620.3068312660001
AD1872,315.23445032200016
AD1873,398.3408879450003
AD1874,155.469607032
AD1875,714.6216449640003
AD1876,211.2036543090001
AD1877,342.83099583699993
AD1878,381.78445999300004
AD1879,229.03146706820007
AD1880,323.094323821
AD1881,286.90727148000013
AD1882,505.4399877360004
AD1883,125.60105665599997
AD1884,590.4989956109998
AD1885,72.4197601622
AD1886,760.0625787199996
AD1887,1471.6877385900004
AD1888,178.64827486099995
AD1889,71.89742483899995
AD1890,91.0145759523
AD1891,1280.9001867200006
AD1892,235.73832047300016
AD1893,634.3667446609999
AD1894,193.56683593399998
AD1895,444.76797773000004
AD1896,956.2110892279999
AD1897,89.6846035247
AD1898,243.19939351899987
AD1899,293.9532803009999
AD1900,716.9081210869999
AD1901,177.63623846
AD1902,1427.9570853800003
AD1903,61.87951771700002
AD1904,560.4116023689998
AD1905,1179.408963580001
AD1906,1110.735162843
AD1907,1014.6386361990002
AD1908,783.655226802
AD1909,133.75871400199998
AD1910,1495.08749255
AD1911,359.2998287759999
AD1912,246.37171359899992
AD1913,102.79338495979997
AD1914,81.6719851771
AD1915,337.47370584599986
AD1916,600.8960978005002
AD1917,1737.6324782200013
AD1918,1147.2840679000003
AD1919,137.63686981600011
AD1920,46.39681864469997
AD1921,669.8896968960004
AD1922,473.2197613419997
AD1923,936.7456919589998
AD1924,112.86600623049998
AD1925,479.38630713199996
AD1926,227.86499934399998
AD1927,135.9874675339999
AD1928,481.096903461
AD1929,789.8273650079998
AD1930,83.95279042779993
AD1931,243.80116637400013
AD1932,660.721017611
AD1933,241.32010249600003
AD1934,955.7305873760006
AD1935,773.8691677269999
AD1936,423.363725526
AD1937,499.1575282379997
AD1938,770.1934021020002
AD1939,84.57514246029996
AD1940,1192.1931990000003
AD1941,288.4540979299998
AD1942,69.1569333522
AD1943,1519.7969418299995
AD1944,405.82797578200007
AD1945,154.78541821699997
AD1946,812.1936921060004
AD1947,329.25097748
AD1948,520.1651144970002
AD1949,29.41913040210001
AD1950,1195.84769217
AD1951,759.549971603
AD1952,390.32011398499986
AD1953,382.6040951810001
AD1954,1223.6190142799996
AD1955,333.219596294
AD1956,1313.9872066399996
AD1957,145.99674427300005
AD1958,53.58925195050002
AD1959,274.738114938
AD1960,415.37322578
AD1961,1131.0586240290008
AD1962,29.338217114499983
AD1963,306.9472878120001
AD1964,209.3848793240001
AD1965,521.2214421538006
AD1966,1060.9281431999996
AD1967,703.7834373230005
AD1968,108.80031693210003
AD1969,168.61038367399993
AD1970,1067.8432691269998
AD1971,74.80760174770003
AD1972,44.06356749220003
AD1973,149.90713580799996
AD1974,268.9543108049999
AD1975,135.80343598899995
AD1976,445.30853705999994
AD1977,1124.4039306999994
AD1978,140.74196839900003
AD1979,373.3104765099998
AD1980,249.3171176870001
AD1981,424.10516891500004
AD1982,531.0924869130001
AD1983,538.5172731030001
AD1984,634.6102950700001
AD1985,734.5748723639999
AD1986,120.23462778350006
AD1987,839.4634458339997
AD1988,1070.7037295099997
AD1989,1247.17656316
AD1990,638.36152189
AD1991,706.7890808530003
AD1992,740.2410624529999
AD1993,567.1176215340002
AD1994,328.3437902670002
AD1995,187.17523378400006
AD1996,317.9124295959998
AD1997,29.3898047007
AD1998,1253.5371926899993
AD1999,474.9328502690002
AD2000,60.06995507089998
AD2001,548.5729211770004
AD2002,227.68779002
AD2003,350.357250429
AD2004,219.2209515470001
AD2005,620.619180973
AD2006,91.4278569124
AD2007,752.8368537095995
AD2008,240.90648569200005
AD2009,492.8827435860005
AD2010,506.78278396899987
AD2011,1081.2189697869999
AD2012,1147.8115256899994
AD2013,807.9066817010004
AD2014,1303.9601743099995
AD2015,124.40850148109996
AD2016,26.035411769500012
AD2017,253.86590597999995
AD2018,1685.8581883000008
AD2019,255.20749417499997
AD2020,401.52670957599986
AD2021,550.2855635481995
AD2022,788.591920749
AD2023,1133.8291436300005
AD2024,504.64111650399957
AD2025,636.6720510030003
AD2026,949.9330827820004
AD2027,176.62992631700013
AD2028,147.35050877369997
AD2029,523.9919299129998
AD2030,105.88102846459996
AD2031,440.99374385199985
AD2032,637.9947889620001
AD2033,724.2983706060004
AD2034,752.965754506
AD2035,787.4634810040002
AD2036,1419.0331645
AD2037,36.84844170459998
AD2038,609.5219148980002
AD2039,494.1464703039998
AD2040,99.67306376210009
AD2041,405.7108083970002
AD2042,529.6657064880001
AD2043,486.55496245100005
AD2044,97.08893776190007
AD2045,130.86754973499998
AD2046,215.81273361200005
AD2047,197.88112020900007
AD2048,516.107098445
AD2049,309.3845609568001
AD2050,1212.8070488200003
AD2051,361.86388872399993
AD2052,237.92966641900014
AD2053,198.54815275000018
AD2054,428.2728652459997
AD2055,575.3069067660002
AD2056,334.49567530999985
AD2057,1172.8463117600002
AD2058,273.8760933800002
AD2059,444.2685503190003
AD2060,102.60789193970011
AD2061,667.1570226919998
AD2062,266.84136881380016
AD2063,1007.4355949450004
AD2064,928.846342061001
AD2065,701.1362121820003
AD2066,107.85611020409993
AD2067,1324.37487983
AD2068,422.3559499229998
AD2069,442.67546247800004
AD2070,131.54082150520009
AD2071,985.7182703400001
AD2072,1331.6663318000005
AD2073,177.65815505999993
AD2074,638.2452714430004
AD2075,1098.4671805350008
AD2076,1204.6883452319994
AD2077,975.5679865270001
AD2078,188.15052826800002
AD2079,780.036803523
AD2080,501.0509590249998
AD2081,844.1227615329999
AD2082,70.7466736235
AD2083,576.7114394826
AD2084,1713.48126927
AD2085,362.239686007
AD2086,593.0963328909995
AD2087,568.740369971
AD2088,519.970479684
AD2089,590.4089000250001
AD2090,45.782301382000014
AD2091,596.396083055
AD2092,210.74841760800024
AD2093,331.74313072100006
AD2094,323.3233961609999
AD2095,306.70662233300004
AD2096,419.537689016
AD2097,522.6253409039999
AD2098,736.906656331
AD2099,283.0629430679999
AD2100,472.8436937100001
AD2101,1311.6859576299998
AD2102,934.319957381
AD2103,846.645750927
AD2104,109.39739831000004
AD2105,406.79489051800005
AD2106,520.0794835200002
AD2107,258.090869804
AD2108,281.09616963200006
AD2109,183.10707405399998
AD2110,206.03438326400007
AD2111,833.1753117740004
AD2112,796.4605630900005
AD2113,1259.9592038899996
AD2114,24.728544109699993
AD2115,941.4739576069991
AD2116,962.9658341369999
AD2117,408.4065775959999
AD2118,423.196663796
AD2119,400.1956942859999
AD2120,145.17619617200006
AD2121,75.01726451209996
AD2122,797.9859548880007
AD2123,700.6946708710001
AD2124,1214.2997544099994
AD2125,310.2288386769999
AD2126,183.346326428
AD2127,154.09890072000005
AD2128,147.71154275100002
AD2129,113.79265748179995
AD2130,260.917336273
AD2131,32.6100546974
AD2132,44.39681957670001
AD2133,1135.339765920001
AD2134,579.0815657340004
AD2135,93.79969107210005
AD2136,710.6815712720003
AD2137,1182.1798547600001
AD2138,1293.86989773
AD2139,495.75146616300043
AD2140,725.1978079780005
AD2141,795.0970638529993
AD2142,765.59088118
AD2143,787.4795173900001
AD2144,1474.4603154200006
AD2145,1083.7027516909995
AD2146,445.40313423799967
AD2147,1026.8320588880001
AD2148,374.3278118485999
AD2149,230.50210434000007
AD2150,423.5545906859999
AD2151,320.789865364
AD2152,225.191660338
AD2153,533.1277400269997
AD2154,1135.7379462599997
AD2155,1027.3955030490006
AD2156,210.61606470600006
AD2157,101.06237442990005
AD2158,589.5849915829999
AD2159,727.8788431319999
AD2160,1158.6097321199998
AD2161,447.21277889199996
AD2162,739.3624601999996
AD2163,96.38311763869993
AD2164,677.0689471770003
AD2165,97.5449605315
AD2166,147.2613203479999
AD2167,1548.286942080001
AD2168,470.6845150190002
AD2169,1128.2693484700003
AD2170,1275.8907466399996
AD2171,107.78159623880005
AD2172,863.2123785239994
AD2173,950.0230636220004
AD2174,1031.6158876369998
AD2175,151.47014386499993
AD2176,587.4362939869999
AD2177,1222.4170325699995
AD2178,401.350242148
AD2179,966.6837345339998
AD2180,961.1811875989998
AD2181,191.59053558600002
AD2182,234.38783397500015
AD2183,206.26877027510002
AD2184,669.044531019
AD2185,1064.4195036699991
AD2186,377.527737771
AD2187,284.13115218900003
AD2188,724.2660354509997
AD2189,262.5383547569999
AD2190,224.1922710830001
AD2191,1732.4045381400013
AD2192,642.8268521949998
AD2193,95.38484018279995
AD2194,358.811582723
AD2195,368.18539928700005
AD2196,337.84296207500023
AD2197,365.99110947
AD2198,1414.645384120001
AD2199,630.7909012170003
AD2200,584.9648941640003
AD2201,249.98254770300002
AD2202,1111.7653354100003
AD2203,163.43748157999997
AD2204,292.2279697630002
AD2205,537.049266924
AD2206,224.07909383299997
AD2207,135.28651249600006
AD2208,329.2461177400001
AD2209,309.26641305500004
AD2210,289.01605008079997
AD2211,412.6483293609999
AD2212,758.9016285169995
AD2213,445.0872350650001
AD2214,752.3131537229996
AD2215,186.83298115200003
AD2216,148.97298305200002
AD2217,654.6965417550003
AD2218,786.0442885299999
AD2219,706.6457921560002
AD2220,430.7557600990001
AD2221,424.9244741669998
AD2222,218.64751435599996
AD2223,510.94818696800047
AD2224,633.8334054010004
AD2225,220.0472651000001
AD2226,195.8934030608
AD2227,316.16116282
AD2228,149.71409464300007
AD2229,322.08794750100003
AD2230,1530.1275857699993
AD2231,106.07167706489996
AD2232,735.1721880599999
AD2233,375.65486388600004
AD2234,971.4843287290001
AD2235,299.1485875526
AD2236,204.9386806719999
AD2237,822.3732457729998
AD2238,272.3908821199998
AD2239,406.94003183199993
AD2240,216.91234176600003
AD2241,1575.8642321600003
AD2242,75.42585732959996
AD2243,183.939717918
AD2244,1245.4895416210006
AD2245,128.0055530411001
AD2246,285.19097836800006
AD2247,271.26332785400007
AD2248,748.2925618869999
AD2249,196.34133341799995
AD2250,81.69147198679995
AD2251,392.0916233229998
AD2252,939.6202450539998
AD2253,176.79692297299994
AD2254,361.41994321399994
AD2255,659.6900675890006
AD2256,762.3260201009997
AD2257,221.45120415899993
AD2258,524.4605391839998
AD2259,723.9106967659999
AD2260,228.79913856750002
AD2261,744.5319530570002
AD2262,167.818777907
AD2263,191.7801124058001
AD2264,296.651178149
AD2265,805.0862000020009
AD2266,955.4840587200005
AD2267,1648.6224629399999
AD2268,836.959069417
AD2269,158.2989379259999
AD2270,658.2008636490002
AD2271,717.3486596870002
AD2272,726.2850209810002
AD2273,713.273211683
AD2274,191.80224008710013
AD2275,123.86328344249999
AD2276,667.4382744190003
AD2277,425.7416379709999
AD2278,374.4895001570001
AD2279,1892.172690289999
AD2280,890.2972410400001
AD2281,174.871161757
AD2282,1564.7423269699998
AD2283,96.654544488
AD2284,350.958373328
AD2285,420.6237802849997
AD2286,954.0756974699995
AD2287,537.9394907489998
AD2288,455.4707679399998
AD2289,868.5966494850005
AD2290,517.7883578629996
AD2291,190.76051365299998
AD2292,932.9034155540004
AD2293,232.71266851699994
AD2294,697.1339549730001
AD2295,149.3620836019999
AD2296,67.87762652219993
AD2297,806.0021768160001
AD2298,121.64435784119995
AD2299,1245.1326271999994
AD2300,889.1679229489997
AD2301,243.66174858910006
AD2302,247.03671521599983
AD2303,511.03647009499997
AD2304,1028.9818231209993
AD2305,966.7429762079996
AD2306,500.69956100200017
AD2307,1421.20861433
AD2308,227.55469708799998
AD2309,266.42583898099997
AD2310,1225.38017627
AD2311,885.5987303549996
AD2312,422.69737203999983
AD2313,353.5641371080004
AD2314,737.4463675920005
AD2315,755.4507061609995
AD2316,1103.0452372799998
AD2317,575.3304001030001
AD2318,115.57436434580003
AD2319,489.49544067100027
AD2320,922.9440609090002
AD2321,820.5108475379998
AD2322,410.3054960160001
AD2323,230.52948631800007
AD2324,133.94904127799998
AD2325,255.9567786300001
AD2326,904.2971022310005
AD2327,448.79030089600013
AD2328,441.5004263389999
AD2329,424.514329883
AD2330,132.73683299399997
AD2331,143.10787624100007
AD2332,354.3479235549998
AD2333,192.35913586199996
AD2334,60.15857092289999
AD2335,139.75425059269998
AD2336,1239.3190768699997
AD2337,102.16367603980005
AD2338,145.01544530200002
AD2339,895.1145283419999
AD2340,124.21564172020013
AD2341,461.5147642290004
AD2342,470.38512565
AD2343,1469.4051129000002
AD2344,299.4898535290002
AD2345,967.8844414539998
AD2346,253.88867152100008
AD2347,424.083366444
AD2348,126.75586839910012
AD2349,585.960281589
AD2350,1135.2739833400005
AD2351,627.8779026779998
AD2352,1394.8172973300004
AD2353,85.7398678602
AD2354,150.92712553700005
AD2355,35.5377560859
AD2356,630.2085921500005
AD2357,128.65354817399998
AD2358,186.739703889
AD2359,579.668373756
AD2360,1180.9878785900007
AD2361,182.6867670309999
AD2362,524.9563254689998
AD2363,387.7569189549998
AD2364,71.37654110720001
AD2365,160.78294076910004
AD2366,209.1567865530001
AD2367,767.4979021609998
AD2368,88.11779177429995
AD2369,269.89966119199994
AD2370,94.37874409400006
AD2371,128.93237540159993
AD2372,929.432410607001
AD2373,63.60286990310001
AD2374,311.1529901530002
AD2375,212.3835452180001
AD2376,508.4892183899999
AD2377,808.7018972870005
AD2378,291.849255046
AD2379,39.33202884050001
AD2380,347.27862228500015
AD2381,226.93469385600005
AD2382,30.929016008100007
AD2383,283.60600824899973
AD2384,595.8234841789997
AD2385,624.7968096479998
AD2386,623.2433953049997
AD2387,527.8504310280001
AD2388,674.2598422789998
AD2389,194.9608782960001
AD2390,698.6860324260003
AD2391,1275.123213069999
AD2392,155.49641401600005
AD2393,542.041147379
AD2394,613.3162985690004
AD2395,556.649057855
AD2396,548.5834332890001
AD2397,619.4688549720004
AD2398,553.329887332
AD2399,549.533738648
AD2400,547.246347214
AD2401,562.0873572040003
AD2402,538.3670280290003
AD2403,529.8199423519999
AD2404,536.503427156
AD2405,545.521620037
AD2406,581.5779310840002
AD2407,536.7910435160002
AD2408,547.9770309310002
AD2409,556.8505215600004
AD2410,531.5800399111001
AD2411,295.7680135820001
AD2412,618.0953840510003
AD2413,360.72485770199995
AD2414,1704.6660105600004
AD2415,678.7342438879999
AD2416,309.1527591409997
AD2417,510.7386562799999
AD2418,1031.7109059539998
AD2419,633.6323438430005
AD2420,638.799803871
AD2421,1001.5407488210002
AD2422,325.60611221860006
AD2423,414.71849741600016
AD2424,423.6020787509999
AD2425,166.415687361
AD2426,717.7123956929998
AD2427,239.768316593
AD2428,785.9552530683006
AD2429,407.8028377377996
AD2430,450.5204719649999
AD2431,959.1003358030003
AD2432,651.8772415549996
AD2433,61.3914387952
AD2434,995.8857057629996
AD2435,1710.65683446
AD2436,598.4622181480004
AD2437,1215.7276813299995
AD2438,186.12970659199996
AD2439,119.57804041049994
AD2440,454.725786032
AD2441,1234.6035555199996
AD2442,283.30166355200015
AD2443,108.20561401810001
AD2444,501.3576936149998
AD2445,156.36203424000004
AD2446,124.92899878739995
AD2447,820.2418532780002
AD2448,560.8323220400003
AD2449,803.0723320239995
AD2450,720.2302332430002
AD2451,347.20004974999995
AD2452,1553.4107291399996
AD2453,790.3646036299996
AD2454,239.89609882400018
AD2455,140.21252687270007
AD2456,249.44784973400004
AD2457,610.5686105020002
AD2458,1186.6801258700004
AD2459,237.7138296090001
AD2460,95.59914340389996
AD2461,196.98009468309996
AD2462,300.769032655
AD2463,659.1285615580002
AD2464,146.4709800109999
AD2465,326.7629473409999
AD2466,311.5876865689998
AD2467,1521.7592658599992
AD2468,545.2734019950001
AD2469,885.1156008340002
AD2470,644.1771497640001
AD2471,200.228980889
AD2472,136.77957390100002
AD2473,660.2944335349997
AD2474,70.28084642830002
AD2475,259.181304554
AD2476,843.2639999439995
AD2477,423.551840906
AD2478,80.8612133898
AD2479,336.07522005900006
AD2480,177.86488793999996
AD2481,645.1034966599998
AD2482,194.67458163999999
AD2483,777.0401335990001
AD2484,67.04917897339999
AD2485,794.5503459699996
AD2486,1599.8585437400013
AD2487,1047.8369892179994
AD2488,97.05770390750001
AD2489,1661.8137395100002
AD2490,1428.12435534
AD2491,1058.3123118090004
AD2492,567.162933326
AD2493,138.94386460099983
AD2494,36.19762190739996
AD2495,304.02236797200015
AD2496,440.7844427760003
AD2497,700.3986492810001
AD2498,203.08472031999992
AD2499,524.503580696
AD2500,199.61935466599996
AD2501,650.398188958
AD2502,692.7015913929998
AD2503,984.4893789729996
AD2504,1203.1731891700001
AD2505,195.6778429929999
AD2506,673.9371285989998
AD2507,358.5868790940001
AD2508,952.1118384120003
AD2509,140.86023130699988
AD2510,440.1745787299998
AD2511,496.596569314
AD2512,556.4263256080008
AD2513,315.9415091730001
AD2514,191.99103289199996
AD2515,241.891227765
AD2516,788.9906551470002
AD2517,292.56081436999995
AD2518,783.3255786060004
AD2519,302.29110736300004
AD2520,691.095934654
AD2521,147.67466542700012
AD2522,1123.3033671799994
AD2523,1669.0560962600002
AD2524,122.8006784887
AD2525,1318.0078058599995
AD2526,1577.6050681000006
AD2527,1179.8677425099993
AD2528,617.5550491949998
AD2529,391.3369240680001
AD2530,313.0798392313998
AD2531,373.21594808999987
AD2532,560.383820592
AD2533,769.7950346650002
AD2534,878.1925500529995
AD2535,140.88517298800008
AD2536,342.5893577350001
AD2537,1046.1211003550002
AD2538,172.76361233299997
AD2539,36.923268104999984
AD2540,1186.3118645200009
AD2541,161.43286658000005
AD2542,1087.2595572719995
AD2543,344.0459161918001
AD2544,1172.620534540001
AD2545,60.26628116900001
AD2546,926.9313403100001
AD2547,937.4552852090003
AD2548,570.0568219020001
AD2549,625.1690743730002
AD2550,412.29612707800004
AD2551,471.709481803
AD2552,584.1727793770001
AD2553,88.07231025359997
AD2554,501.1381580089999
AD2555,190.4770525790001
AD2556,119.68380771810008
AD2557,1220.1149392399993
AD2558,559.4496605790001
AD2559,461.47597858799986
AD2560,1318.6436587599994
AD2561,1539.8883015400002
AD2562,903.5411961009992
AD2563,904.8744494480001
AD2564,387.6756633219998
AD2565,1332.4126004600007
AD2566,361.85861751399995
AD2567,1440.6010155999998
AD2568,1454.3645592400003
AD2569,220.96896324300008
AD2570,498.0797314996001
AD2571,541.7162120758
AD2572,498.2773693439
AD2573,36.0082709034
AD2574,167.29869457299992
AD2575,340.45263291900017
AD2576,195.465126442
AD2577,1013.8205207580004
AD2578,590.4911566510004
AD2579,163.84398121799993
AD2580,389.928733381
AD2581,243.40203367
AD2582,1069.2483066659997
AD2583,1014.6482523660001
AD2584,313.62430436000017
AD2585,288.2988293660001
AD2586,454.22631439300005
AD2587,52.401162559000014
AD2588,886.9373389050002
AD2589,581.9178386020003
AD2590,685.1954756330003
AD2591,577.4400007359997
AD2592,91.38642349620001
AD2593,63.6563567306
AD2594,748.33635055
AD2595,730.835116864
AD2596,253.48744782300002
AD2597,277.655029671
AD2598,1635.6217444100007
AD2599,715.3063605209995
AD2600,618.2730987410002
AD2601,130.02819145899997
AD2602,363.861227896
AD2603,215.9569827410001
AD2604,908.720781683
AD2605,536.8813855399998
AD2606,366.2509385869999
AD2607,669.893664769
AD2608,322.315076723
AD2609,277.2721370920001
AD2610,1722.1673033100008
AD2611,711.8829282750003
AD2612,236.13975881610008
AD2613,472.01818531
AD2614,224.24367623499995
AD2615,33.62901525219999
AD2616,206.30738074410004
AD2617,450.31740966200005
AD2618,432.21818274100013
AD2619,245.45536085999993
AD2620,235.17731824300006
AD2621,947.8802929089995
AD2622,347.5120217769999
AD2623,994.975353234
AD2624,1123.6843918400004
AD2625,1792.1466157699992
AD2626,766.8985487240003
AD2627,793.0281996570005
AD2628,110.9329029567
AD2629,1385.1627957999992
AD2630,475.84576506200034
AD2631,695.755382261
AD2632,205.27510634940012
AD2633,631.2538350750001
AD2634,542.3055849019997
AD2635,120.79433259729998
AD2636,826.2935521769998
AD2637,957.383169557
AD2638,92.70936119769995
AD2639,114.26006889719999
AD2640,1308.3767326800003
AD2641,1047.6480165180005
AD2642,1073.7052794209997
AD2643,32.44728799059999
AD2644,171.25287639800004
AD2645,1704.8972968500009
AD2646,744.314468538
AD2647,656.6724511129999
AD2648,112.58057031039996
AD2649,1114.9607420000002
AD2650,1294.81800225
AD2651,851.5923868400001
AD2652,243.08434108599994
AD2653,998.4559759779995
AD2654,1655.4929846900004
AD2655,142.35242367980018
AD2656,540.6120551909996
AD2657,205.97162382299993
AD2658,868.2238277699997
AD2659,866.719524468
AD2660,256.6511030560001
AD2661,637.0780481749999
AD2662,1278.9788291800005
AD2663,1362.242924749999
AD2664,383.73593297900004
AD2665,98.62230843530007
AD2666,679.8307464980006
AD2667,777.7765720550004
AD2668,1576.95187676
AD2669,200.52755671120008
AD2670,140.98248786299996
AD2671,447.6437566160001
AD2672,993.4820444549998
AD2673,146.9313942755
AD2674,356.39553367199994
AD2675,488.12523838059985
AD2676,73.7838757077
AD2677,743.5870386689999
AD2678,156.3937961319999
AD2679,1212.5717207200003
AD2680,627.5452423630004
AD2681,1114.8365965600003
AD2682,313.27288304200005
AD2683,288.7870421290001
AD2684,163.54005559600006
AD2685,150.18762171400004
AD2686,662.3243942790004
AD2687,837.9694129819999
AD2688,1031.5942390040002
AD2689,778.6493061479997
AD2690,217.75944465869986
AD2691,533.6699324779997
AD2692,146.00482632600003
AD2693,371.42992950399986
AD2694,1507.1916655499997
AD2695,220.09842051700005
AD2696,158.20515098799996
AD2697,453.9574647749996
AD2698,294.429200047
AD2699,82.6040520254
AD2700,389.644982934
AD2701,138.5164457788001
AD2702,585.1616449140002
AD2703,75.99688777239997
AD2704,612.4195561150001
AD2705,1210.8855035000004
AD2706,256.21908537299987
AD2707,218.9497896248001
AD2708,72.29152644679999
AD2709,1142.88506636
AD2710,1578.5831028699997
AD2711,359.2169895200002
AD2712,768.627914669
AD2713,1321.4565688199996
AD2714,325.53482683400006
AD2715,221.98409090500004
AD2716,506.9680838399997
AD2717,1105.841727199001
AD2718,302.2080415060003
AD2719,186.6210273212001
AD2720,1169.14220244
AD2721,572.2295122300005
AD2722,296.09608140900013
AD2723,46.399371515700004
AD2724,127.42481081430003
AD2725,478.914534393
AD2726,487.1815235169994
AD2727,180.04635122700012
AD2728,189.37874955500013
AD2729,344.7235961050002
AD2730,1229.2678500100003
AD2731,288.68870551700024
AD2732,62.41587460680001
AD2733,1132.0944246699996
AD2734,137.12456384070003
AD2735,591.5876145410003
AD2736,615.2747354220003
AD2737,349.29050608500006
AD2738,1297.2442746400006
